{
	"music.sans": {
		"sounds": [
			"music/sans"
		]
	},
	"music.sans2": {
		"sounds": [
			"music/sans2"
		]
	},
	"kitpvp.sonic": {
		"sounds": [
			"kitpvp/sonic"
		]
	},
	"kitpvp.peppapig": {
		"sounds": [
			"kitpvp/peppapig"
		]
	},
	"kitpvp.mario": {
		"sounds": [
			"kitpvp/mario"
		]
	},
	"kitpvp.baldi": {
		"sounds": [
			"kitpvp/baldi"
		]
	},
	"kitpvp.baldi2": {
		"sounds": [
			"kitpvp/baldi2"
		]
	},
	"kitpvp.mario2": {
		"sounds": [
			"kitpvp/mario2"
		]
	},
	"kitpvp.ugandanknuckles": {
		"sounds": [
			"kitpvp/ugandanknuckles",
			"kitpvp/ugandanknuckles2",
			"kitpvp/ugandanknuckles3",
			"kitpvp/ugandanknuckles4",
			"kitpvp/ugandanknuckles5"
		]
	},
	"kitpvp.pingu": {
		"sounds": [
			"kitpvp/pingu"
		]
	},
	"kitpvp.knuckles": {
		"sounds": [
			"kitpvp/knuckles"
		]
	},
	"kitpvp.lightningmcqueen": {
		"sounds": [
			"kitpvp/lightningmcqueen",
			"kitpvp/lightningmcqueen2",
			"kitpvp/lightningmcqueen3",
			"kitpvp/lightningmcqueen4",
			"kitpvp/lightningmcqueen5"
		]
	},
	"kitpvp.shrek": {
		"sounds": [
			"kitpvp/shrek"
		]
	},
	"kitpvp.jigglypuff": {
		"sounds": [
			"kitpvp/jigglypuff"
		]
	},
	"kitpvp.daisy": {
		"sounds": [
			"kitpvp/daisy"
		]
	},
	"kitpvp.waluigi": {
		"sounds": [
			"kitpvp/waluigi"
		]
	},
	"kitpvp.blinky": {
		"sounds": [
			"kitpvp/blinky"
		]
	},
	"kitpvp.jontron": {
		"sounds": [
			"kitpvp/jontron",
			"kitpvp/jontron2",
			"kitpvp/jontron3",
			"kitpvp/jontron4"
		]
	},
	"kitpvp.jontron5": {
		"sounds": [
			"kitpvp/jontron5"
		]
	},
	"kitpvp.squidward": {
		"sounds": [
			"kitpvp/squidward",
			"kitpvp/squidward2",
			"kitpvp/squidward3",
			"kitpvp/squidward4",
			"kitpvp/squidward5"
		]
	},
	"kitpvp.snake": {
		"sounds": [
			"kitpvp/snake",
			"kitpvp/snake2"
		]
	},
	"kitpvp.snake2": {
		"sounds": [
			"kitpvp/snake22"
		]
	},
	"music.pepsiman": {
		"sounds": [
			"music/pepsiman"
		]
	},
	"kitpvp.link": {
		"sounds": [
			"kitpvp/link",
			"kitpvp/link2",
			"kitpvp/link3",
			"kitpvp/link4"
		]
	},
	"music.trollface": {
		"sounds": [
			"music/trollface"
		]
	},
	"kitpvp.cappy": {
		"sounds": [
			"kitpvp/cappy"
		]
	},
	"music.hatsunemiku": {
		"sounds": [
			"music/hatsunemiku"
		]
	},
	"music.hatsunemiku2": {
		"sounds": [
			"music/hatsunemiku2"
		]
	},
	"music.mexicanman": {
		"sounds": [
			"music/mexicanman"
		]
	},
	"music.eye_of_spider": {
		"sounds": [
			"music/eye_of_spider"
		]
	},
	"kitpvp.hitler": {
		"sounds": [
			"kitpvp/hitler"
		]
	},
	"kitpvp.donkey": {
		"sounds": [
			"kitpvp/donkey",
			"kitpvp/donkey",
			"kitpvp/donkey",
			"kitpvp/donkey",
			"kitpvp/donkey",
			"kitpvp/donkey",
			"kitpvp/donkey",
			"kitpvp/donkey",
			"kitpvp/donkey",
			"kitpvp/donkey",
			"kitpvp/donkey",
			"kitpvp/donkey",
			"kitpvp/donkey",
			"kitpvp/donkey",
			"kitpvp/donkey",
			"kitpvp/donkey",
			"kitpvp/donkey",
			"kitpvp/donkey",
			"kitpvp/donkey",
			"kitpvp/donkey",
			"kitpvp/donkey",
			"kitpvp/donkey",
			"kitpvp/donkey",
			"kitpvp/donkey",
			"kitpvp/donkey",
			"kitpvp/donkey",
			"kitpvp/donkey",
			"kitpvp/donkey",
			"kitpvp/donkey",
			"kitpvp/donkey",
			"kitpvp/donkey",
			"kitpvp/donkey",
			"kitpvp/donkey",
			"kitpvp/donkey",
			"kitpvp/donkey",
			"kitpvp/donkey",
			"kitpvp/donkey",
			"kitpvp/donkey",
			"kitpvp/donkey",
			"kitpvp/donkey",
			"kitpvp/donkey",
			"kitpvp/donkey",
			"kitpvp/donkey",
			"kitpvp/donkey",
			"kitpvp/donkey",
			"kitpvp/donkey",
			"kitpvp/donkey",
			"kitpvp/donkey",
			"kitpvp/donkey",
			"kitpvp/donkey",
			"kitpvp/donkey",
			"kitpvp/donkey",
			"kitpvp/donkey",
			"kitpvp/donkey",
			"kitpvp/donkey",
			"kitpvp/donkey",
			"kitpvp/donkey",
			"kitpvp/donkey",
			"kitpvp/donkey",
			"kitpvp/donkey",
			"kitpvp/donkey",
			"kitpvp/donkey",
			"kitpvp/donkey",
			"kitpvp/donkey",
			"kitpvp/donkey",
			"kitpvp/donkey",
			"kitpvp/donkey",
			"kitpvp/donkey",
			"kitpvp/donkey",
			"kitpvp/donkey",
			"kitpvp/donkey",
			"kitpvp/donkey",
			"kitpvp/donkey",
			"kitpvp/donkey",
			"kitpvp/donkey",
			"kitpvp/donkey",
			"kitpvp/donkey",
			"kitpvp/donkey",
			"kitpvp/donkey",
			"kitpvp/donkey",
			"kitpvp/donkey",
			"kitpvp/donkey",
			"kitpvp/donkey",
			"kitpvp/donkey",
			"kitpvp/donkey",
			"kitpvp/donkey",
			"kitpvp/donkey",
			"kitpvp/donkey",
			"kitpvp/donkey",
			"kitpvp/donkey",
			"kitpvp/donkey",
			"kitpvp/donkey",
			"kitpvp/donkey",
			"kitpvp/donkey",
			"kitpvp/donkey",
			"kitpvp/donkey",
			"kitpvp/donkey",
			"kitpvp/donkey",
			"kitpvp/donkey",
			"kitpvp/donkey2"
		]
	},
	"music.us1": {
		"sounds": [
			"music/us1",
			"music/us1",
			"music/us1",
			"music/us1",
			"music/us1",
			"music/us1",
			"music/us1",
			"music/us1",
			"music/us1",
			"music/us1",
			"music/us1",
			"music/us1",
			"music/us1",
			"music/us1",
			"music/us1",
			"music/us1",
			"music/us1",
			"music/us1",
			"music/us1",
			"music/us11"
		]
	},
	"music.us2": {
		"sounds": [
			"music/us2"
		]
	},
	"music.us3": {
		"sounds": [
			"music/us3"
		]
	},
	"kitpvp.creeper": {
		"sounds": [
			"kitpvp/creeper"
		]
	},
	"kitpvp.serena": {
		"sounds": [
			"kitpvp/serena"
		]
	},
	"kitpvp.serenab": {
		"sounds": [
			"kitpvp/serenab"
		]
	},
	"kitpvp.serenap": {
		"sounds": [
			"kitpvp/serenap"
		]
	},
	"kitpvp.serenas": {
		"sounds": [
			"kitpvp/serenas"
		]
	},
	"music.americanhighschoolstudent": {
		"sounds": [
			"music/americanhighschoolstudent",
			"music/americanhighschoolstudent",
			"music/americanhighschoolstudent",
			"music/americanhighschoolstudent",
			"music/americanhighschoolstudent",
			"music/americanhighschoolstudent",
			"music/americanhighschoolstudent",
			"music/americanhighschoolstudent",
			"music/americanhighschoolstudent",
			"music/americanhighschoolstudent",
			"music/americanhighschoolstudent",
			"music/americanhighschoolstudent",
			"music/americanhighschoolstudent",
			"music/americanhighschoolstudent",
			"music/americanhighschoolstudent",
			"music/americanhighschoolstudent",
			"music/americanhighschoolstudent",
			"music/americanhighschoolstudent",
			"music/americanhighschoolstudent",
			"music/americanhighschoolstudent2"
		]
	},
	"kitpvp.supergranny1": {
		"sounds": [
			"kitpvp/supergranny11",
			"kitpvp/supergranny12",
			"kitpvp/supergranny13",
			"kitpvp/supergranny14",
			"kitpvp/supergranny15"
		]
	},
	"kitpvp.supergranny2": {
		"sounds": [
			"kitpvp/supergranny21",
			"kitpvp/supergranny22",
			"kitpvp/supergranny23",
			"kitpvp/supergranny24",
			"kitpvp/supergranny25"
		]
	},
	"kitpvp.supergranny3": {
		"sounds": [
			"kitpvp/supergranny31",
			"kitpvp/supergranny32",
			"kitpvp/supergranny33",
			"kitpvp/supergranny34",
			"kitpvp/supergranny35",
			"kitpvp/supergranny36",
			"kitpvp/supergranny37",
			"kitpvp/supergranny38",
			"kitpvp/supergranny39"
		]
	},
	"kitpvp.getthesnowboy": {
		"sounds": [
			"kitpvp/getthesnowboy"
		]
	},
	"kitpvp.gumball": {
		"sounds": [
			"kitpvp/gumball"
		]
	},
	"kitpvp.gumball2": {
		"sounds": [
			"kitpvp/gumball2"
		]
	},
	"kitpvp.gumball3": {
		"sounds": [
			"kitpvp/gumball3"
		]
	},
	"kitpvp.royalebomber": {
		"sounds": [
			"kitpvp/royalebomber"
		]
	},
	"kitpvp.peter1": {
		"sounds": [
			"kitpvp/peter1"
		]
	},
	"kitpvp.peter2": {
		"sounds": [
			"kitpvp/peter2"
		]
	},
	"kitpvp.peter3": {
		"sounds": [
			"kitpvp/peter3"
		]
	},
	"kitpvp.peter4": {
		"sounds": [
			"kitpvp/peter4"
		]
	},
	"kitpvp.technoblade": {
		"sounds": [
			"kitpvp/technoblade1",
			"kitpvp/technoblade2",
			"kitpvp/technoblade3",
			"kitpvp/technoblade4",
			"kitpvp/technoblade5"
		]
	},
	"kitpvp.complimentmachine1": {
		"sounds": [
			"kitpvp/complimentmachine1"
		]
	},
	"kitpvp.complimentmachine2": {
		"sounds": [
			"kitpvp/complimentmachine2"
		]
	},
	"kitpvp.complimentmachine3": {
		"sounds": [
			"kitpvp/complimentmachine3"
		]
	},
	"kitpvp.complimentmachine4": {
		"sounds": [
			"kitpvp/complimentmachine4"
		]
	},
	"kitpvp.complimentmachine5": {
		"sounds": [
			"kitpvp/complimentmachine5"
		]
	},
	"kitpvp.donkeykong": {
		"sounds": [
			"kitpvp/donkeykong"
		]
	},
	"kitpvp.donkeykong2": {
		"sounds": [
			"kitpvp/donkeykong2"
		]
	},
	"music.donkeykong": {
		"sounds": [
			"music/donkeykong"
		]
	},
	"kitpvp.pufferfish": {
		"sounds": [
			"kitpvp/pufferfish"
		]
	},
	"kitpvp.sans3": {
		"sounds": [
			"kitpvp/sans3"
		]
	},
	"kitpvp.linkbreath": {
		"sounds": [
			"kitpvp/linkbreath"
		]
	},
	"kitpvp.linkbreath2": {
		"sounds": [
			"kitpvp/linkbreath2"
		]
	},
	"kitpvp.yoshi1": {
		"sounds": [
			"kitpvp/yoshi1"
		]
	},
	"kitpvp.yoshi2": {
		"sounds": [
			"kitpvp/yoshi2"
		]
	},
	"kitpvp.inkling": {
		"sounds": [
			"kitpvp/inkling"
		]
	},
	"kitpvp.kirby": {
		"sounds": [
			"kitpvp/kirby"
		]
	},
	"kitpvp.fox": {
		"sounds": [
			"kitpvp/fox1",
			"kitpvp/fox2",
			"kitpvp/fox3",
			"kitpvp/fox4",
			"kitpvp/fox5"
		]
	},
	"kitpvp.fox2": {
		"sounds": [
			"kitpvp/fox12"
		]
	},
	"kitpvp.fox3": {
		"sounds": [
			"kitpvp/fox6"
		]
	},
	"kitpvp.fox4": {
		"sounds": [
			"kitpvp/fox7",
			"kitpvp/fox8",
			"kitpvp/fox15"
		]
	},
	"kitpvp.fox5": {
		"sounds": [
			"kitpvp/fox9"
		]
	},
	"kitpvp.fox6": {
		"sounds": [
			"kitpvp/fox10",
			"kitpvp/fox11",
			"kitpvp/fox13",
			"kitpvp/fox14"
		]
	},
	"kitpvp.ness": {
		"sounds": [
			"kitpvp/ness"
		]
	},
	"kitpvp.ness2": {
		"sounds": [
			"kitpvp/ness2"
		]
	},
	"kitpvp.ness3": {
		"sounds": [
			"kitpvp/ness3"
		]
	},
	"kitpvp.reggie": {
		"sounds": [
			"kitpvp/reggie"
		]
	},
	"kitpvp.reggie2": {
		"sounds": [
			"kitpvp/reggie2"
		]
	},
	"kitpvp.reggie3": {
		"sounds": [
			"kitpvp/reggie3"
		]
	},
	"music.thegreatpug": {
		"sounds": [
			"music/thegreatpug"
		]
	},
	"music.griffinhouse": {
		"sounds": [
			"music/griffinhouse"
		]
	},
	"kitpvp.lasershark280": {
		"sounds": [
			"kitpvp/lasershark280"
		]
	},
	"kitpvp.principal1": {
		"sounds": [
			"kitpvp/principal11",
			"kitpvp/principal11",
			"kitpvp/principal12",
			"kitpvp/principal12",
			"kitpvp/principal12",
			"kitpvp/principal13"
		]
	},
	"kitpvp.principal2": {
		"sounds": [
			"kitpvp/principal21",
			"kitpvp/principal21",
			"kitpvp/principal21",
			"kitpvp/principal21",
			"kitpvp/principal22",
			"kitpvp/principal23",
			"kitpvp/principal23",
			"kitpvp/principal24",
			"kitpvp/principal24",
			"kitpvp/principal25"
		]
	},
	"kitpvp.bernie": {
		"sounds": [
			"kitpvp/bernie"
		]
	},
	"kitpvp.scar": {
		"sounds": [
			"kitpvp/scar"
		]
	},
	"kitpvp.nadeko": {
		"sounds": [
			"kitpvp/nadeko"
		]
	},
	"kitpvp.nessad": {
		"sounds": [
			"kitpvp/nessad"
		]
	},
	"kitpvp.nessap": {
		"sounds": [
			"kitpvp/nessap"
		]
	},
	"kitpvp.nessag": {
		"sounds": [
			"kitpvp/nessag"
		]
	},
	"kitpvp.bigchungus1": {
		"sounds": [
			"kitpvp/bigchungus1"
		]
	},
	"kitpvp.bigchungus2": {
		"sounds": [
			"kitpvp/bigchungus2"
		]
	},
	"kitpvp.bigchungus3": {
		"sounds": [
			"kitpvp/bigchungus3"
		]
	},
	"kitpvp.godzilla": {
		"sounds": [
			"kitpvp/godzilla1",
			"kitpvp/godzilla2",
			"kitpvp/godzilla3",
			"kitpvp/godzilla4",
			"kitpvp/godzilla5",
			"kitpvp/godzilla6",
			"kitpvp/godzilla7",
			"kitpvp/godzilla8",
			"kitpvp/godzilla9",
			"kitpvp/godzilla10",
			"kitpvp/godzilla11",
			"kitpvp/godzilla12"
		]
	},
	"kitpvp.godzillal": {
		"sounds": [
			"kitpvp/godzillal"
		]
	},
	"kitpvp.puttputt": {
		"sounds": [
			"kitpvp/puttputt1",
			"kitpvp/puttputt2"
		]
	},
	"kitpvp.stalin": {
		"sounds": [
			"kitpvp/stalin"
		]
	},
	"kitpvp.stalin2": {
		"sounds": [
			"kitpvp/stalin2"
		]
	},
	"kitpvp.flandre": {
		"sounds": [
			"kitpvp/flandre"
		]
	},
	"kitpvp.khonjin1": {
		"sounds": [
			"kitpvp/khonjin1"
		]
	},
	"kitpvp.khonjin2": {
		"sounds": [
			"kitpvp/khonjin2"
		]
	},
	"kitpvp.khonjin3": {
		"sounds": [
			"kitpvp/khonjin3"
		]
	},
	"kitpvp.khonjin4": {
		"sounds": [
			"kitpvp/khonjin4"
		]
	},
	"kitpvp.khonjin5": {
		"sounds": [
			"kitpvp/khonjin5"
		]
	},
	"music.khonjin": {
		"sounds": [
			"music/khonjin"
		]
	},
	"kitpvp.madeline1": {
		"sounds": [
			"kitpvp/madeline1"
		]
	},
	"kitpvp.madeline2": {
		"sounds": [
			"kitpvp/madeline2a",
			"kitpvp/madeline2b"
		]
	},
	"kitpvp.madeline3": {
		"sounds": [
			"kitpvp/madeline3"
		]
	},
	"kitpvp.madeline4": {
		"sounds": [
			"kitpvp/madeline4"
		]
	},
	"music.madeline": {
		"sounds": [
			"music/madeline"
		]
	}
}